1,John Doe,123 Main St,9-8006-4593-7,10
2,Jane Smith,456 Elm St,9-8006-9354-7,5
3,Bob Johnson,789 Oak St,9-8140-0317-2,6
1,John Doe,123 Main St,9-8006-3150-7,5
4,Alice Lee,1011 Pine St,9-8067-7728-2,4
5,Mark Davis,1213 Maple St,9-8006-0724-4,5
2,Jane Smith,456 Elm St,9-8044-3107-9,6
1,John Doe,123 Main St,9-8039-5014-7,4
4,Alice Lee,1011 Pine St,9-8067-4292-7,4
3,Bob Johnson,789 Oak St,9-8044-2126-2,5
2,Jane Smith,456 Elm St,9-8045-2126-2,5
5,Mark Davis,1213 Maple St,9-8054-9282-3,6
1,John Doe,123 Main St,9-8031-0158-4,3
5,Mark Davis,1213 Maple St,9-8038-3199-5,9
3,Bob Johnson,789 Oak St,9-8605-2783-2,2
1,John Doe,123 Main St,9-8014-1863-7,1
4,Alice Lee,1011 Pine St,9-8055-2836-6,3
2,Jane Smith,456 Elm St,9-8044-3387-9,4
